First Name,Last Name,Zip Code,CCN,Expiration Date
Jarret,Wintheiser,74186,4691339416850368,05/15
Trever,Brown,43498,2229812598960622,12/09
Vincent,Rolfson,16294,6579452434425014,08/42
Tatyana,Ziemann,14524,6518650519924503649,03/56
Loyce,Emmerich,81184,5067792705432150753,02/62
Darian,Ebert,60282,6062826776473084,07/16
Al,Lesch,49228,3658866965336194,01/94
Blake,Braun,26337,6062825397794761,05/00
Giuseppe,Friesen,66640,4853662543190315,12/35
Dillon,Altenwerth,56418,3589831452824176488,02/27
Florence,Stoltenberg,44402,6376093154303737,12/07
Nyasia,Halvorson,11654,39401404888328,06/17
Carmen,Robel,82569,6375683304127530,09/68
Mateo,Nolan,60683,2131263120443678,07/28
Marlene,Herman,81225,6011609264237601198,02/16
Nathaniel,Hagenes,76470,6498916515339102,01/09
Cyril,Doyle,58283,4114139742021968,02/09
Rudy,Collier,21743,4602545773528029,04/94
Amalia,Conroy,57144,5192576022239046,04/36
Lambert,Crooks,46466,69089517402435,10/97
